
	<!DOCTYPE project [
		<!ELEMENT project (objectids-table | current-scenario | duration | aggregation-period | truncated-mean | percentile)* >
	
		<!ELEMENT objectids-table (objectids-entry)* >
		<!ELEMENT objectids-entry (#PCDATA)>
		<!ELEMENT duration (#PCDATA)>
		<!ELEMENT truncated-mean (#PCDATA)>
		<!ELEMENT percentile (#PCDATA)>
		<!ELEMENT aggregation-period (#PCDATA)>
		<!ELEMENT current-scenario (#PCDATA)>
		<!ATTLIST duration
		    value CDATA #REQUIRED>
	    <!ATTLIST aggregation-period
		    value CDATA #REQUIRED>
		<!ATTLIST objectids-entry
		    objectid CDATA #REQUIRED
		    type CDATA #REQUIRED
		    value CDATA #REQUIRED
		    key CDATA #REQUIRED>
		<!ATTLIST truncated-mean
		    centered-interval CDATA #REQUIRED
		    percentage CDATA #REQUIRED>
		 <!ATTLIST percentile
		    percentage CDATA #REQUIRED>
	]>


<!--****** RUNTIME PROJECT ******--><project>
<!--****** CURRENT SCENARIO ******-->
<current-scenario>Smoke</current-scenario>
<!--****** OBJECTIDS ******-->
<objectids-table>
<objectids-entry key="" objectid="0" type="LG_HOST" value="localhost:7100"/>
<objectids-entry key="" objectid="1" type="ZONE" value="Default zone"/>
<objectids-entry key="Default zone¤Population1¤" objectid="2" type="POPULATION" value="Population1"/>
<objectids-entry key="Default zone¤Population1¤MarvelApi" objectid="3" type="VIRTUAL_USER" value="MarvelApi"/>
<objectids-entry key="Default zone¤Population1¤MarvelApi" objectid="4" type="BASIC_LOGICAL_CONTAINER" value="$parent=MarvelApi;$index=0"/>
<objectids-entry key="Default zone¤Population1¤MarvelApi" objectid="5" type="BASIC_LOGICAL_CONTAINER" value="$parent=MarvelApi;$index=1"/>
<objectids-entry key="Default zone¤Population1¤MarvelApi" objectid="6" type="BASIC_LOGICAL_CONTAINER" value="7ac7dafa-8984-46d5-beb0-877a33dbdbaa"/>
<objectids-entry key="Default zone¤Population1¤MarvelApi" objectid="7" type="CUSTOM_ACTION" value="5f04d107-7168-4d56-b34f-a3b87e73cd3d"/>
<objectids-entry key="Default zone¤Population1¤MarvelApi" objectid="8" type="ACTION" value="4d7f4ba5-bfc5-4e19-851d-0646de588afa"/>
<objectids-entry key="Default zone¤Population1¤MarvelApi" objectid="9" type="BASIC_LOGICAL_CONTAINER" value="707a55f1-a8e3-43a9-82de-ae561ac81a10"/>
<objectids-entry key="Default zone¤Population1¤MarvelApi" objectid="10" type="ACTION" value="0bb82971-393a-47f4-902b-677e7a94b587"/>
<objectids-entry key="Default zone¤Population1¤MarvelApi" objectid="11" type="BASIC_LOGICAL_CONTAINER" value="$parent=MarvelApi;$index=2"/>
<objectids-entry key="¤¤" objectid="12" type="MONITORED_HOST" value="NeoLoad"/>
<objectids-entry key="¤¤" objectid="13" type="MONITORCONNECTION" value="NeoLoad$NeoLoad"/>
<objectids-entry key="¤¤" objectid="14" type="MONITOR" value="NeoLoad$NeoLoad$UserLoad"/>
<objectids-entry key="¤¤" objectid="15" type="MONITOR" value="NeoLoad$NeoLoad$throughput"/>
<objectids-entry key="¤¤" objectid="16" type="MONITOR" value="NeoLoad$NeoLoad$Alerts"/>
<objectids-entry key="¤¤" objectid="17" type="MONITOR" value="NeoLoad$NeoLoad$CriticalAlerts"/>
<objectids-entry key="¤¤" objectid="18" type="MONITOR" value="NeoLoad$NeoLoad$WarningAlerts"/>
<objectids-entry key="¤¤" objectid="19" type="MONITOR" value="NeoLoad$NeoLoad$cpu"/>
<objectids-entry key="¤¤" objectid="20" type="THRESHOLD" value="NeoLoad$NeoLoad$68d501c4-5a4a-4ce4-8cc4-4dfdb8527a26"/>
<objectids-entry key="¤¤" objectid="21" type="MONITOR" value="NeoLoad$NeoLoad$memory"/>
<objectids-entry key="¤¤" objectid="22" type="THRESHOLD" value="NeoLoad$NeoLoad$86413fab-ba15-44f3-87cb-09525f1851cc"/>
<objectids-entry key="¤¤" objectid="23" type="MONITOR" value="NeoLoad$NeoLoad$threadcount"/>
<objectids-entry key="¤¤" objectid="24" type="MONITOR" value="NeoLoad$NeoLoad$connectedlg"/>
<objectids-entry key="¤¤" objectid="25" type="MONITOR" value="NeoLoad$NeoLoad$totallgdisconnections"/>
<objectids-entry key="¤¤" objectid="26" type="THRESHOLD" value="NeoLoad$NeoLoad$5e40a7b5-bf69-4714-8d49-6257e8514e5e"/>
<objectids-entry key="¤¤" objectid="27" type="MONITOR" value="NeoLoad$NeoLoad$totallgreconnections"/>
<objectids-entry key="¤¤" objectid="28" type="MONITOR" value="NeoLoad$NeoLoad$otcp.NeoLoad"/>
<objectids-entry key="¤¤" objectid="29" type="MONITOR" value="NeoLoad$NeoLoad$tcp.NeoLoad"/>
<objectids-entry key="¤¤" objectid="30" type="MONITOR" value="NeoLoad$NeoLoad$ibytesperinterface~NeoLoad~eth5"/>
<objectids-entry key="¤¤" objectid="31" type="MONITOR" value="NeoLoad$NeoLoad$obytesperinterface~NeoLoad~eth5"/>
<objectids-entry key="¤¤" objectid="32" type="MONITOR" value="NeoLoad$NeoLoad$ibytesperinterface~NeoLoad~eth4"/>
<objectids-entry key="¤¤" objectid="33" type="MONITOR" value="NeoLoad$NeoLoad$obytesperinterface~NeoLoad~eth4"/>
<objectids-entry key="¤¤" objectid="34" type="MONITOR" value="NeoLoad$NeoLoad$ibytesperinterface~NeoLoad~eth1"/>
<objectids-entry key="¤¤" objectid="35" type="MONITOR" value="NeoLoad$NeoLoad$obytesperinterface~NeoLoad~eth1"/>
<objectids-entry key="¤¤" objectid="36" type="MONITOR" value="NeoLoad$NeoLoad$ibytesperinterface~NeoLoad~wlan2"/>
<objectids-entry key="¤¤" objectid="37" type="MONITOR" value="NeoLoad$NeoLoad$obytesperinterface~NeoLoad~wlan2"/>
<objectids-entry key="¤¤" objectid="38" type="MONITOR" value="NeoLoad$NeoLoad$nlwebdownload"/>
<objectids-entry key="¤¤" objectid="39" type="MONITOR" value="NeoLoad$NeoLoad$nlwebupload"/>
<objectids-entry key="¤¤" objectid="40" type="MONITOR" value="NeoLoad$NeoLoad$SapUserLoad"/>
<objectids-entry key="¤¤" objectid="41" type="MONITOR" value="NeoLoad$NeoLoad$zoneuserload~Default zone"/>
<objectids-entry key="¤¤" objectid="42" type="MONITOR" value="NeoLoad$NeoLoad$zoneuserloadperpopulation~Default zone~Population1"/>
<objectids-entry key="¤¤" objectid="43" type="MONITOR" value="NeoLoad$NeoLoad$zoneuserloadperpopulation~Default zone~Population1~MarvelApi"/>
<objectids-entry key="¤¤" objectid="44" type="MONITORED_HOST" value="LG localhost:7100"/>
<objectids-entry key="¤¤" objectid="45" type="MONITORCONNECTION" value="LG localhost:7100$NeoLoad"/>
<objectids-entry key="¤¤" objectid="46" type="MONITOR" value="LG localhost:7100$NeoLoad$lgcpu.localhost:7100"/>
<objectids-entry key="¤¤" objectid="47" type="THRESHOLD" value="LG localhost:7100$NeoLoad$4e084767-e10a-413c-99af-4c276b5b09c6"/>
<objectids-entry key="¤¤" objectid="48" type="MONITOR" value="LG localhost:7100$NeoLoad$lgmemory.localhost:7100"/>
<objectids-entry key="¤¤" objectid="49" type="THRESHOLD" value="LG localhost:7100$NeoLoad$497ee91e-d021-4266-b66e-181abbe11b79"/>
<objectids-entry key="¤¤" objectid="50" type="MONITOR" value="LG localhost:7100$NeoLoad$lgthroughput.localhost:7100"/>
<objectids-entry key="¤¤" objectid="51" type="MONITOR" value="LG localhost:7100$NeoLoad$lguserloadperpopulation~localhost:7100"/>
<objectids-entry key="¤¤" objectid="52" type="MONITOR" value="LG localhost:7100$NeoLoad$lgthreadcount.localhost:7100"/>
<objectids-entry key="¤¤" objectid="53" type="MONITOR" value="LG localhost:7100$NeoLoad$lg.jetty.httpclient.threadpool.used.localhost:7100"/>
<objectids-entry key="¤¤" objectid="54" type="MONITOR" value="LG localhost:7100$NeoLoad$lg.jetty.httpclient.taskpool.used.localhost:7100"/>
<objectids-entry key="¤¤" objectid="55" type="THRESHOLD" value="LG localhost:7100$NeoLoad$4975a3d2-77ba-4c26-a278-bc64e4dd26d2"/>
<objectids-entry key="¤¤" objectid="56" type="MONITOR" value="LG localhost:7100$NeoLoad$lgdisconnections.localhost:7100"/>
<objectids-entry key="¤¤" objectid="57" type="MONITOR" value="LG localhost:7100$NeoLoad$lgreconnections.localhost:7100"/>
<objectids-entry key="¤¤" objectid="58" type="MONITOR" value="LG localhost:7100$NeoLoad$lgping.localhost:7100"/>
<objectids-entry key="¤¤" objectid="59" type="MONITOR" value="LG localhost:7100$NeoLoad$lgotcp.localhost:7100"/>
<objectids-entry key="¤¤" objectid="60" type="MONITOR" value="LG localhost:7100$NeoLoad$lgtcp.localhost:7100"/>
<objectids-entry key="¤¤" objectid="61" type="MONITOR" value="LG localhost:7100$NeoLoad$lgibytesperinterface~localhost:7100~eth5"/>
<objectids-entry key="¤¤" objectid="62" type="MONITOR" value="LG localhost:7100$NeoLoad$lgobytesperinterface~localhost:7100~eth5"/>
<objectids-entry key="¤¤" objectid="63" type="MONITOR" value="LG localhost:7100$NeoLoad$lgibytesperinterface~localhost:7100~eth4"/>
<objectids-entry key="¤¤" objectid="64" type="MONITOR" value="LG localhost:7100$NeoLoad$lgobytesperinterface~localhost:7100~eth4"/>
<objectids-entry key="¤¤" objectid="65" type="MONITOR" value="LG localhost:7100$NeoLoad$lgibytesperinterface~localhost:7100~eth1"/>
<objectids-entry key="¤¤" objectid="66" type="MONITOR" value="LG localhost:7100$NeoLoad$lgobytesperinterface~localhost:7100~eth1"/>
<objectids-entry key="¤¤" objectid="67" type="MONITOR" value="LG localhost:7100$NeoLoad$lgibytesperinterface~localhost:7100~wlan2"/>
<objectids-entry key="¤¤" objectid="68" type="MONITOR" value="LG localhost:7100$NeoLoad$lgobytesperinterface~localhost:7100~wlan2"/>
</objectids-table>
<!--****** DURATION ******-->
<duration value="0"/>
<!--****** AGGREGATION PERIOD ******-->
<aggregation-period value="1000"/>
<!--****** EXTENDED STATISTICS ******-->
<truncated-mean centered-interval="true" percentage="90"/>
<percentile percentage="50"/>
</project>
