
	<!DOCTYPE project [
		<!ELEMENT project (objectids-table | current-scenario | duration | aggregation-period | truncated-mean | percentile)* >
	
		<!ELEMENT objectids-table (objectids-entry)* >
		<!ELEMENT objectids-entry (#PCDATA)>
		<!ELEMENT duration (#PCDATA)>
		<!ELEMENT truncated-mean (#PCDATA)>
		<!ELEMENT percentile (#PCDATA)>
		<!ELEMENT aggregation-period (#PCDATA)>
		<!ELEMENT current-scenario (#PCDATA)>
		<!ATTLIST duration
		    value CDATA #REQUIRED>
	    <!ATTLIST aggregation-period
		    value CDATA #REQUIRED>
		<!ATTLIST objectids-entry
		    objectid CDATA #REQUIRED
		    type CDATA #REQUIRED
		    value CDATA #REQUIRED
		    key CDATA #REQUIRED>
		<!ATTLIST truncated-mean
		    centered-interval CDATA #REQUIRED
		    percentage CDATA #REQUIRED>
		 <!ATTLIST percentile
		    percentage CDATA #REQUIRED>
	]>


<!--****** RUNTIME PROJECT ******--><project>
<!--****** CURRENT SCENARIO ******-->
<current-scenario>Estrés</current-scenario>
<!--****** OBJECTIDS ******-->
<objectids-table>
<objectids-entry key="" objectid="0" type="LG_HOST" value="localhost:7100"/>
<objectids-entry key="" objectid="1" type="ZONE" value="Default zone"/>
<objectids-entry key="Default zone¤Firefox¤" objectid="2" type="POPULATION" value="Firefox"/>
<objectids-entry key="Default zone¤Firefox¤PokemonGo" objectid="3" type="VIRTUAL_USER" value="PokemonGo"/>
<objectids-entry key="Default zone¤Firefox¤PokemonGo" objectid="4" type="BASIC_LOGICAL_CONTAINER" value="$parent=PokemonGo;$index=0"/>
<objectids-entry key="Default zone¤Firefox¤PokemonGo" objectid="5" type="BASIC_LOGICAL_CONTAINER" value="$parent=PokemonGo;$index=1"/>
<objectids-entry key="Default zone¤Firefox¤PokemonGo" objectid="6" type="BASIC_LOGICAL_CONTAINER" value="5d55fa42-068e-414e-8448-ce258a2f3c37"/>
<objectids-entry key="Default zone¤Firefox¤PokemonGo" objectid="7" type="CUSTOM_ACTION" value="16d14490-15b6-4a87-bb45-e0fb601c3ed8"/>
<objectids-entry key="Default zone¤Firefox¤PokemonGo" objectid="8" type="ACTION" value="74b765f0-a968-4703-a13d-823ff9b8b6f9"/>
<objectids-entry key="Default zone¤Firefox¤PokemonGo" objectid="9" type="BASIC_LOGICAL_CONTAINER" value="9adcbf02-6456-44f9-b5e8-cf2f781abdf6"/>
<objectids-entry key="Default zone¤Firefox¤PokemonGo" objectid="10" type="ACTION" value="e74aab81-40af-4d9e-ba2c-54a8b3ad7b2f"/>
<objectids-entry key="Default zone¤Firefox¤PokemonGo" objectid="11" type="BASIC_LOGICAL_CONTAINER" value="$parent=PokemonGo;$index=2"/>
<objectids-entry key="Default zone¤Edge¤" objectid="12" type="POPULATION" value="Edge"/>
<objectids-entry key="Default zone¤Edge¤PokemonGo" objectid="13" type="VIRTUAL_USER" value="PokemonGo"/>
<objectids-entry key="Default zone¤Edge¤PokemonGo" objectid="14" type="BASIC_LOGICAL_CONTAINER" value="$parent=PokemonGo;$index=0"/>
<objectids-entry key="Default zone¤Edge¤PokemonGo" objectid="15" type="BASIC_LOGICAL_CONTAINER" value="$parent=PokemonGo;$index=1"/>
<objectids-entry key="Default zone¤Edge¤PokemonGo" objectid="16" type="BASIC_LOGICAL_CONTAINER" value="5d55fa42-068e-414e-8448-ce258a2f3c37"/>
<objectids-entry key="Default zone¤Edge¤PokemonGo" objectid="17" type="CUSTOM_ACTION" value="16d14490-15b6-4a87-bb45-e0fb601c3ed8"/>
<objectids-entry key="Default zone¤Edge¤PokemonGo" objectid="18" type="ACTION" value="74b765f0-a968-4703-a13d-823ff9b8b6f9"/>
<objectids-entry key="Default zone¤Edge¤PokemonGo" objectid="19" type="BASIC_LOGICAL_CONTAINER" value="9adcbf02-6456-44f9-b5e8-cf2f781abdf6"/>
<objectids-entry key="Default zone¤Edge¤PokemonGo" objectid="20" type="ACTION" value="e74aab81-40af-4d9e-ba2c-54a8b3ad7b2f"/>
<objectids-entry key="Default zone¤Edge¤PokemonGo" objectid="21" type="BASIC_LOGICAL_CONTAINER" value="$parent=PokemonGo;$index=2"/>
<objectids-entry key="¤¤" objectid="22" type="MONITORED_HOST" value="NeoLoad"/>
<objectids-entry key="¤¤" objectid="23" type="MONITORCONNECTION" value="NeoLoad$NeoLoad"/>
<objectids-entry key="¤¤" objectid="24" type="MONITOR" value="NeoLoad$NeoLoad$UserLoad"/>
<objectids-entry key="¤¤" objectid="25" type="MONITOR" value="NeoLoad$NeoLoad$throughput"/>
<objectids-entry key="¤¤" objectid="26" type="MONITOR" value="NeoLoad$NeoLoad$Alerts"/>
<objectids-entry key="¤¤" objectid="27" type="MONITOR" value="NeoLoad$NeoLoad$CriticalAlerts"/>
<objectids-entry key="¤¤" objectid="28" type="MONITOR" value="NeoLoad$NeoLoad$WarningAlerts"/>
<objectids-entry key="¤¤" objectid="29" type="MONITOR" value="NeoLoad$NeoLoad$cpu"/>
<objectids-entry key="¤¤" objectid="30" type="THRESHOLD" value="NeoLoad$NeoLoad$e0659aa3-c115-4e47-84e1-bd5c82b83f23"/>
<objectids-entry key="¤¤" objectid="31" type="MONITOR" value="NeoLoad$NeoLoad$memory"/>
<objectids-entry key="¤¤" objectid="32" type="THRESHOLD" value="NeoLoad$NeoLoad$5ebda0a2-f05f-4101-a1e6-f3fe98c3974f"/>
<objectids-entry key="¤¤" objectid="33" type="MONITOR" value="NeoLoad$NeoLoad$threadcount"/>
<objectids-entry key="¤¤" objectid="34" type="MONITOR" value="NeoLoad$NeoLoad$memoryos"/>
<objectids-entry key="¤¤" objectid="35" type="THRESHOLD" value="NeoLoad$NeoLoad$4dad995c-a632-4d55-9b5d-91aeff071a9c"/>
<objectids-entry key="¤¤" objectid="36" type="MONITOR" value="NeoLoad$NeoLoad$connectedlg"/>
<objectids-entry key="¤¤" objectid="37" type="MONITOR" value="NeoLoad$NeoLoad$totallgdisconnections"/>
<objectids-entry key="¤¤" objectid="38" type="THRESHOLD" value="NeoLoad$NeoLoad$8079452a-9076-40f1-a150-270d8ed00492"/>
<objectids-entry key="¤¤" objectid="39" type="MONITOR" value="NeoLoad$NeoLoad$totallgreconnections"/>
<objectids-entry key="¤¤" objectid="40" type="MONITOR" value="NeoLoad$NeoLoad$otcp.NeoLoad"/>
<objectids-entry key="¤¤" objectid="41" type="MONITOR" value="NeoLoad$NeoLoad$tcp.NeoLoad"/>
<objectids-entry key="¤¤" objectid="42" type="MONITOR" value="NeoLoad$NeoLoad$ibytesperinterface~NeoLoad~eth7"/>
<objectids-entry key="¤¤" objectid="43" type="MONITOR" value="NeoLoad$NeoLoad$obytesperinterface~NeoLoad~eth7"/>
<objectids-entry key="¤¤" objectid="44" type="MONITOR" value="NeoLoad$NeoLoad$ibytesperinterface~NeoLoad~eth2"/>
<objectids-entry key="¤¤" objectid="45" type="MONITOR" value="NeoLoad$NeoLoad$obytesperinterface~NeoLoad~eth2"/>
<objectids-entry key="¤¤" objectid="46" type="MONITOR" value="NeoLoad$NeoLoad$ibytesperinterface~NeoLoad~wlan2"/>
<objectids-entry key="¤¤" objectid="47" type="MONITOR" value="NeoLoad$NeoLoad$obytesperinterface~NeoLoad~wlan2"/>
<objectids-entry key="¤¤" objectid="48" type="MONITOR" value="NeoLoad$NeoLoad$nlwebdownload"/>
<objectids-entry key="¤¤" objectid="49" type="MONITOR" value="NeoLoad$NeoLoad$nlwebupload"/>
<objectids-entry key="¤¤" objectid="50" type="MONITOR" value="NeoLoad$NeoLoad$SapUserLoad"/>
<objectids-entry key="¤¤" objectid="51" type="MONITOR" value="NeoLoad$NeoLoad$zoneuserload~Default zone"/>
<objectids-entry key="¤¤" objectid="52" type="MONITOR" value="NeoLoad$NeoLoad$zoneuserloadperpopulation~Default zone~Firefox"/>
<objectids-entry key="¤¤" objectid="53" type="MONITOR" value="NeoLoad$NeoLoad$zoneuserloadperpopulation~Default zone~Firefox~PokemonGo"/>
<objectids-entry key="¤¤" objectid="54" type="MONITOR" value="NeoLoad$NeoLoad$zoneuserloadperpopulation~Default zone~Edge"/>
<objectids-entry key="¤¤" objectid="55" type="MONITOR" value="NeoLoad$NeoLoad$zoneuserloadperpopulation~Default zone~Edge~PokemonGo"/>
<objectids-entry key="¤¤" objectid="56" type="MONITORED_HOST" value="LG localhost:7100"/>
<objectids-entry key="¤¤" objectid="57" type="MONITORCONNECTION" value="LG localhost:7100$NeoLoad"/>
<objectids-entry key="¤¤" objectid="58" type="MONITOR" value="LG localhost:7100$NeoLoad$lgcpu.localhost:7100"/>
<objectids-entry key="¤¤" objectid="59" type="THRESHOLD" value="LG localhost:7100$NeoLoad$2613aabc-2ccb-4800-9ec5-6c6568f2d43e"/>
<objectids-entry key="¤¤" objectid="60" type="MONITOR" value="LG localhost:7100$NeoLoad$lgmemory.localhost:7100"/>
<objectids-entry key="¤¤" objectid="61" type="THRESHOLD" value="LG localhost:7100$NeoLoad$efdaa8dc-a0af-4ec0-9bdf-b00269d6a203"/>
<objectids-entry key="¤¤" objectid="62" type="MONITOR" value="LG localhost:7100$NeoLoad$lgthroughput.localhost:7100"/>
<objectids-entry key="¤¤" objectid="63" type="MONITOR" value="LG localhost:7100$NeoLoad$lgosmemory.localhost:7100"/>
<objectids-entry key="¤¤" objectid="64" type="THRESHOLD" value="LG localhost:7100$NeoLoad$a9d1eeae-0cad-45d9-8531-24428f847b07"/>
<objectids-entry key="¤¤" objectid="65" type="MONITOR" value="LG localhost:7100$NeoLoad$lguserloadperpopulation~localhost:7100"/>
<objectids-entry key="¤¤" objectid="66" type="MONITOR" value="LG localhost:7100$NeoLoad$lgthreadcount.localhost:7100"/>
<objectids-entry key="¤¤" objectid="67" type="MONITOR" value="LG localhost:7100$NeoLoad$lg.jetty.httpclient.threadpool.used.localhost:7100"/>
<objectids-entry key="¤¤" objectid="68" type="MONITOR" value="LG localhost:7100$NeoLoad$lg.jetty.httpclient.taskpool.used.localhost:7100"/>
<objectids-entry key="¤¤" objectid="69" type="THRESHOLD" value="LG localhost:7100$NeoLoad$24536017-381e-4930-8efa-36a60a5ab081"/>
<objectids-entry key="¤¤" objectid="70" type="MONITOR" value="LG localhost:7100$NeoLoad$lgdisconnections.localhost:7100"/>
<objectids-entry key="¤¤" objectid="71" type="MONITOR" value="LG localhost:7100$NeoLoad$lgreconnections.localhost:7100"/>
<objectids-entry key="¤¤" objectid="72" type="MONITOR" value="LG localhost:7100$NeoLoad$lgping.localhost:7100"/>
<objectids-entry key="¤¤" objectid="73" type="MONITOR" value="LG localhost:7100$NeoLoad$lgotcp.localhost:7100"/>
<objectids-entry key="¤¤" objectid="74" type="MONITOR" value="LG localhost:7100$NeoLoad$lgtcp.localhost:7100"/>
<objectids-entry key="¤¤" objectid="75" type="MONITOR" value="LG localhost:7100$NeoLoad$lgibytesperinterface~localhost:7100~eth7"/>
<objectids-entry key="¤¤" objectid="76" type="MONITOR" value="LG localhost:7100$NeoLoad$lgobytesperinterface~localhost:7100~eth7"/>
<objectids-entry key="¤¤" objectid="77" type="MONITOR" value="LG localhost:7100$NeoLoad$lgibytesperinterface~localhost:7100~eth2"/>
<objectids-entry key="¤¤" objectid="78" type="MONITOR" value="LG localhost:7100$NeoLoad$lgobytesperinterface~localhost:7100~eth2"/>
<objectids-entry key="¤¤" objectid="79" type="MONITOR" value="LG localhost:7100$NeoLoad$lgibytesperinterface~localhost:7100~wlan2"/>
<objectids-entry key="¤¤" objectid="80" type="MONITOR" value="LG localhost:7100$NeoLoad$lgobytesperinterface~localhost:7100~wlan2"/>
</objectids-table>
<!--****** DURATION ******-->
<duration value="0"/>
<!--****** AGGREGATION PERIOD ******-->
<aggregation-period value="1000"/>
<!--****** EXTENDED STATISTICS ******-->
<truncated-mean centered-interval="false" percentage="90"/>
<percentile percentage="50"/>
</project>
