
	<!DOCTYPE project [
		<!ELEMENT project (objectids-table | current-scenario | duration | aggregation-period | truncated-mean | percentile)* >
	
		<!ELEMENT objectids-table (objectids-entry)* >
		<!ELEMENT objectids-entry (#PCDATA)>
		<!ELEMENT duration (#PCDATA)>
		<!ELEMENT truncated-mean (#PCDATA)>
		<!ELEMENT percentile (#PCDATA)>
		<!ELEMENT aggregation-period (#PCDATA)>
		<!ELEMENT current-scenario (#PCDATA)>
		<!ATTLIST duration
		    value CDATA #REQUIRED>
	    <!ATTLIST aggregation-period
		    value CDATA #REQUIRED>
		<!ATTLIST objectids-entry
		    objectid CDATA #REQUIRED
		    type CDATA #REQUIRED
		    value CDATA #REQUIRED
		    key CDATA #REQUIRED>
		<!ATTLIST truncated-mean
		    centered-interval CDATA #REQUIRED
		    percentage CDATA #REQUIRED>
		 <!ATTLIST percentile
		    percentage CDATA #REQUIRED>
	]>


<!--****** RUNTIME PROJECT ******--><project>
<!--****** CURRENT SCENARIO ******-->
<current-scenario>Estrés</current-scenario>
<!--****** OBJECTIDS ******-->
<objectids-table>
<objectids-entry key="" objectid="0" type="LG_HOST" value="localhost:7100"/>
<objectids-entry key="" objectid="1" type="ZONE" value="Default zone"/>
<objectids-entry key="Default zone¤Edge¤" objectid="2" type="POPULATION" value="Edge"/>
<objectids-entry key="Default zone¤Edge¤MarvelApi" objectid="3" type="VIRTUAL_USER" value="MarvelApi"/>
<objectids-entry key="Default zone¤Edge¤MarvelApi" objectid="4" type="BASIC_LOGICAL_CONTAINER" value="$parent=MarvelApi;$index=0"/>
<objectids-entry key="Default zone¤Edge¤MarvelApi" objectid="5" type="BASIC_LOGICAL_CONTAINER" value="$parent=MarvelApi;$index=1"/>
<objectids-entry key="Default zone¤Edge¤MarvelApi" objectid="6" type="BASIC_LOGICAL_CONTAINER" value="1934b683-8577-405e-8dc6-c3961ecf804b"/>
<objectids-entry key="Default zone¤Edge¤MarvelApi" objectid="7" type="CUSTOM_ACTION" value="9e0d39fd-c969-426f-8346-8666c007e55f"/>
<objectids-entry key="Default zone¤Edge¤MarvelApi" objectid="8" type="ACTION" value="d3aebc2d-f19b-4907-82d3-aef15de6ba11"/>
<objectids-entry key="Default zone¤Edge¤MarvelApi" objectid="9" type="BASIC_LOGICAL_CONTAINER" value="efcf0c35-69fa-4590-9a7a-136555dd5443"/>
<objectids-entry key="Default zone¤Edge¤MarvelApi" objectid="10" type="ACTION" value="a3bd7ef6-8d04-459d-9d08-9152daea8bb2"/>
<objectids-entry key="Default zone¤Edge¤MarvelApi" objectid="11" type="BASIC_LOGICAL_CONTAINER" value="$parent=MarvelApi;$index=2"/>
<objectids-entry key="Default zone¤Firefox¤" objectid="12" type="POPULATION" value="Firefox"/>
<objectids-entry key="Default zone¤Firefox¤MarvelApi" objectid="13" type="VIRTUAL_USER" value="MarvelApi"/>
<objectids-entry key="Default zone¤Firefox¤MarvelApi" objectid="14" type="BASIC_LOGICAL_CONTAINER" value="$parent=MarvelApi;$index=0"/>
<objectids-entry key="Default zone¤Firefox¤MarvelApi" objectid="15" type="BASIC_LOGICAL_CONTAINER" value="$parent=MarvelApi;$index=1"/>
<objectids-entry key="Default zone¤Firefox¤MarvelApi" objectid="16" type="BASIC_LOGICAL_CONTAINER" value="1934b683-8577-405e-8dc6-c3961ecf804b"/>
<objectids-entry key="Default zone¤Firefox¤MarvelApi" objectid="17" type="CUSTOM_ACTION" value="9e0d39fd-c969-426f-8346-8666c007e55f"/>
<objectids-entry key="Default zone¤Firefox¤MarvelApi" objectid="18" type="ACTION" value="d3aebc2d-f19b-4907-82d3-aef15de6ba11"/>
<objectids-entry key="Default zone¤Firefox¤MarvelApi" objectid="19" type="BASIC_LOGICAL_CONTAINER" value="efcf0c35-69fa-4590-9a7a-136555dd5443"/>
<objectids-entry key="Default zone¤Firefox¤MarvelApi" objectid="20" type="ACTION" value="a3bd7ef6-8d04-459d-9d08-9152daea8bb2"/>
<objectids-entry key="Default zone¤Firefox¤MarvelApi" objectid="21" type="BASIC_LOGICAL_CONTAINER" value="$parent=MarvelApi;$index=2"/>
<objectids-entry key="¤¤" objectid="22" type="MONITORED_HOST" value="NeoLoad"/>
<objectids-entry key="¤¤" objectid="23" type="MONITORCONNECTION" value="NeoLoad$NeoLoad"/>
<objectids-entry key="¤¤" objectid="24" type="MONITOR" value="NeoLoad$NeoLoad$UserLoad"/>
<objectids-entry key="¤¤" objectid="25" type="MONITOR" value="NeoLoad$NeoLoad$throughput"/>
<objectids-entry key="¤¤" objectid="26" type="MONITOR" value="NeoLoad$NeoLoad$Alerts"/>
<objectids-entry key="¤¤" objectid="27" type="MONITOR" value="NeoLoad$NeoLoad$CriticalAlerts"/>
<objectids-entry key="¤¤" objectid="28" type="MONITOR" value="NeoLoad$NeoLoad$WarningAlerts"/>
<objectids-entry key="¤¤" objectid="29" type="MONITOR" value="NeoLoad$NeoLoad$cpu"/>
<objectids-entry key="¤¤" objectid="30" type="THRESHOLD" value="NeoLoad$NeoLoad$04fd34a8-1455-4a20-ba91-e3caa397ecd7"/>
<objectids-entry key="¤¤" objectid="31" type="MONITOR" value="NeoLoad$NeoLoad$memory"/>
<objectids-entry key="¤¤" objectid="32" type="THRESHOLD" value="NeoLoad$NeoLoad$51b725b9-d274-4b93-b5a2-cde1dc584b7b"/>
<objectids-entry key="¤¤" objectid="33" type="MONITOR" value="NeoLoad$NeoLoad$threadcount"/>
<objectids-entry key="¤¤" objectid="34" type="MONITOR" value="NeoLoad$NeoLoad$memoryos"/>
<objectids-entry key="¤¤" objectid="35" type="THRESHOLD" value="NeoLoad$NeoLoad$a87bcc4b-5918-4702-ac2e-8263be70fc38"/>
<objectids-entry key="¤¤" objectid="36" type="MONITOR" value="NeoLoad$NeoLoad$connectedlg"/>
<objectids-entry key="¤¤" objectid="37" type="MONITOR" value="NeoLoad$NeoLoad$totallgdisconnections"/>
<objectids-entry key="¤¤" objectid="38" type="THRESHOLD" value="NeoLoad$NeoLoad$006b01cc-5846-42f4-be88-add2465dee99"/>
<objectids-entry key="¤¤" objectid="39" type="MONITOR" value="NeoLoad$NeoLoad$totallgreconnections"/>
<objectids-entry key="¤¤" objectid="40" type="MONITOR" value="NeoLoad$NeoLoad$otcp.NeoLoad"/>
<objectids-entry key="¤¤" objectid="41" type="MONITOR" value="NeoLoad$NeoLoad$tcp.NeoLoad"/>
<objectids-entry key="¤¤" objectid="42" type="MONITOR" value="NeoLoad$NeoLoad$ibytesperinterface~NeoLoad~eth7"/>
<objectids-entry key="¤¤" objectid="43" type="MONITOR" value="NeoLoad$NeoLoad$obytesperinterface~NeoLoad~eth7"/>
<objectids-entry key="¤¤" objectid="44" type="MONITOR" value="NeoLoad$NeoLoad$ibytesperinterface~NeoLoad~eth2"/>
<objectids-entry key="¤¤" objectid="45" type="MONITOR" value="NeoLoad$NeoLoad$obytesperinterface~NeoLoad~eth2"/>
<objectids-entry key="¤¤" objectid="46" type="MONITOR" value="NeoLoad$NeoLoad$ibytesperinterface~NeoLoad~wlan2"/>
<objectids-entry key="¤¤" objectid="47" type="MONITOR" value="NeoLoad$NeoLoad$obytesperinterface~NeoLoad~wlan2"/>
<objectids-entry key="¤¤" objectid="48" type="MONITOR" value="NeoLoad$NeoLoad$nlwebdownload"/>
<objectids-entry key="¤¤" objectid="49" type="MONITOR" value="NeoLoad$NeoLoad$nlwebupload"/>
<objectids-entry key="¤¤" objectid="50" type="MONITOR" value="NeoLoad$NeoLoad$SapUserLoad"/>
<objectids-entry key="¤¤" objectid="51" type="MONITOR" value="NeoLoad$NeoLoad$zoneuserload~Default zone"/>
<objectids-entry key="¤¤" objectid="52" type="MONITOR" value="NeoLoad$NeoLoad$zoneuserloadperpopulation~Default zone~Edge"/>
<objectids-entry key="¤¤" objectid="53" type="MONITOR" value="NeoLoad$NeoLoad$zoneuserloadperpopulation~Default zone~Edge~MarvelApi"/>
<objectids-entry key="¤¤" objectid="54" type="MONITOR" value="NeoLoad$NeoLoad$zoneuserloadperpopulation~Default zone~Firefox"/>
<objectids-entry key="¤¤" objectid="55" type="MONITOR" value="NeoLoad$NeoLoad$zoneuserloadperpopulation~Default zone~Firefox~MarvelApi"/>
<objectids-entry key="¤¤" objectid="56" type="MONITORED_HOST" value="LG localhost:7100"/>
<objectids-entry key="¤¤" objectid="57" type="MONITORCONNECTION" value="LG localhost:7100$NeoLoad"/>
<objectids-entry key="¤¤" objectid="58" type="MONITOR" value="LG localhost:7100$NeoLoad$lgcpu.localhost:7100"/>
<objectids-entry key="¤¤" objectid="59" type="THRESHOLD" value="LG localhost:7100$NeoLoad$8d8f4c02-e678-42bf-8d35-1f86a5451c19"/>
<objectids-entry key="¤¤" objectid="60" type="MONITOR" value="LG localhost:7100$NeoLoad$lgmemory.localhost:7100"/>
<objectids-entry key="¤¤" objectid="61" type="THRESHOLD" value="LG localhost:7100$NeoLoad$54cbce9c-7ef5-48c7-8d75-754a3c72e60d"/>
<objectids-entry key="¤¤" objectid="62" type="MONITOR" value="LG localhost:7100$NeoLoad$lgthroughput.localhost:7100"/>
<objectids-entry key="¤¤" objectid="63" type="MONITOR" value="LG localhost:7100$NeoLoad$lgosmemory.localhost:7100"/>
<objectids-entry key="¤¤" objectid="64" type="THRESHOLD" value="LG localhost:7100$NeoLoad$2ca1604b-8958-447d-a600-8d843151cb50"/>
<objectids-entry key="¤¤" objectid="65" type="MONITOR" value="LG localhost:7100$NeoLoad$lguserloadperpopulation~localhost:7100"/>
<objectids-entry key="¤¤" objectid="66" type="MONITOR" value="LG localhost:7100$NeoLoad$lgthreadcount.localhost:7100"/>
<objectids-entry key="¤¤" objectid="67" type="MONITOR" value="LG localhost:7100$NeoLoad$lg.jetty.httpclient.threadpool.used.localhost:7100"/>
<objectids-entry key="¤¤" objectid="68" type="MONITOR" value="LG localhost:7100$NeoLoad$lg.jetty.httpclient.taskpool.used.localhost:7100"/>
<objectids-entry key="¤¤" objectid="69" type="THRESHOLD" value="LG localhost:7100$NeoLoad$3aec0da4-e7bb-4433-a34f-7a5c709add53"/>
<objectids-entry key="¤¤" objectid="70" type="MONITOR" value="LG localhost:7100$NeoLoad$lgdisconnections.localhost:7100"/>
<objectids-entry key="¤¤" objectid="71" type="MONITOR" value="LG localhost:7100$NeoLoad$lgreconnections.localhost:7100"/>
<objectids-entry key="¤¤" objectid="72" type="MONITOR" value="LG localhost:7100$NeoLoad$lgping.localhost:7100"/>
<objectids-entry key="¤¤" objectid="73" type="MONITOR" value="LG localhost:7100$NeoLoad$lgotcp.localhost:7100"/>
<objectids-entry key="¤¤" objectid="74" type="MONITOR" value="LG localhost:7100$NeoLoad$lgtcp.localhost:7100"/>
<objectids-entry key="¤¤" objectid="75" type="MONITOR" value="LG localhost:7100$NeoLoad$lgibytesperinterface~localhost:7100~eth7"/>
<objectids-entry key="¤¤" objectid="76" type="MONITOR" value="LG localhost:7100$NeoLoad$lgobytesperinterface~localhost:7100~eth7"/>
<objectids-entry key="¤¤" objectid="77" type="MONITOR" value="LG localhost:7100$NeoLoad$lgibytesperinterface~localhost:7100~eth2"/>
<objectids-entry key="¤¤" objectid="78" type="MONITOR" value="LG localhost:7100$NeoLoad$lgobytesperinterface~localhost:7100~eth2"/>
<objectids-entry key="¤¤" objectid="79" type="MONITOR" value="LG localhost:7100$NeoLoad$lgibytesperinterface~localhost:7100~wlan2"/>
<objectids-entry key="¤¤" objectid="80" type="MONITOR" value="LG localhost:7100$NeoLoad$lgobytesperinterface~localhost:7100~wlan2"/>
</objectids-table>
<!--****** DURATION ******-->
<duration value="0"/>
<!--****** AGGREGATION PERIOD ******-->
<aggregation-period value="1000"/>
<!--****** EXTENDED STATISTICS ******-->
<truncated-mean centered-interval="false" percentage="90"/>
<percentile percentage="50"/>
</project>
